{"cameraMode":{"drawMode":0,"name":"Shaded","section":"Shading Mode"},"sceneLighting":true,"audioPlay":false,"sceneViewState":{"showFog":false,"showMaterialUpdate":false,"showSkybox":false,"showFlares":false,"showImageEffects":false,"showParticleSystems":true},"in2DMode":false,"pivot":{"x":-5.825418472290039,"y":1.0452113151550294,"z":7.009237289428711},"rotation":{"x":-0.003307848935946822,"y":0.038084715604782107,"z":-0.000126197119243443,"w":-0.9992690682411194},"size":24.51275634765625,"orthographic":false}